,Title,Director,Screenwriter,Main_performer,Types,Region,Language,ShowtTime,Film_length,Score,Rating_people,Watching_people,Wtsee_people,Comments_people
0,肖申克的救赎 The Shawshank Redemption,弗兰克·德拉邦特,弗兰克·德拉邦特 / 斯蒂芬·金,蒂姆·罗宾斯 / 摩根·弗里曼 / 鲍勃·冈顿 ,剧情/犯罪, 美国, 英语,1994/9/10,142,9.7,1869808,2644926,271571,337952
1,霸王别姬,陈凯歌,芦苇 / 李碧华,张国荣 / 张丰毅 / 巩俐 ,剧情/爱情/同性, 中国大陆 / 中国香港, 汉语普通话,1993/1/1,171,9.6,1373527,2075888,275105,272480
2,阿甘正传 Forrest Gump,罗伯特·泽米吉斯,艾瑞克·罗斯 / 温斯顿·格鲁姆,汤姆·汉克斯 / 罗宾·怀特 / 加里·西尼斯 ,剧情/爱情, 美国, 英语,1994/6/23,142,9.5,1426947,2265521,218521,217998
3,这个杀手不太冷 Léon,吕克·贝松,吕克·贝松,让·雷诺 / 娜塔莉·波特曼 / 加里·奥德曼 ,剧情/动作/犯罪, 法国, 英语 / 意大利语 / 法语,1994/9/14,110分钟(剧场,9.4,1621799,2613822,236719,267223
4,美丽人生 La vita è bella,罗伯托·贝尼尼,温琴佐·切拉米 / 罗伯托·贝尼尼,罗伯托·贝尼尼 / 尼可莱塔·布拉斯基 / 乔治·坎塔里尼 ,剧情/喜剧/爱情/战争, 意大利, 意大利语 / 德语 / 英语,2020/1/3,116,9.5,907823,1286917,408504,187760
5,泰坦尼克号 Titanic,詹姆斯·卡梅隆,詹姆斯·卡梅隆,莱昂纳多·迪卡普里奥 / 凯特·温丝莱特 / 比利·赞恩 ,剧情/爱情/灾难, 美国, 英语 / 意大利语 / 德语 / 俄语,1998/4/3,194,9.4,1369194,2218940,131456,200023
6,千与千寻 千と千尋の神隠し,宫崎骏,宫崎骏,柊瑠美 / 入野自由 / 夏木真理 ,剧情/动画/奇幻, 日本, 日本,2019/6/21,125,9.3,1461851,2208607,202147,249928
7,辛德勒的名单 Schindler's List,史蒂文·斯皮尔伯格,托马斯·肯尼利 / 斯蒂文·泽里安,连姆·尼森 / 本·金斯利 / 拉尔夫·费因斯 ,剧情/历史/战争, 美国, 英语 / 希伯来语 / 德语 / 波兰语,1993/11/30,195,9.5,730867,1102059,354402,107755
8,盗梦空间 Inception,克里斯托弗·诺兰,克里斯托弗·诺兰,莱昂纳多·迪卡普里奥 / 约瑟夫·高登-莱维特 / 艾伦·佩吉 ,剧情/科幻/悬疑/冒险, 美国 / 英国, 英语 / 日语 / 法语,2010/9/1,148,9.3,1379052,2186479,256177,256102
9,忠犬八公的故事 Hachi: A Dog's Tale,拉斯·霍尔斯道姆,斯蒂芬·P·林赛 / 新藤兼人,理查·基尔 / 萨拉·罗默尔 / 琼·艾伦 ,剧情, 美国 / 英国, 英语 / 日语,2009/6/13,93,9.4,944289,1659236,219309,192419
10,海上钢琴师 La leggenda del pianista sull'oceano,朱塞佩·托纳多雷,亚利桑德罗·巴里克 / 朱塞佩·托纳多雷,蒂姆·罗斯 / 普路特·泰勒·文斯 / 比尔·努恩 ,剧情/音乐, 意大利, 英语 / 法语 / 意大利语,2019/11/15,165,9.3,1143826,1735136,364014,220724
11,机器人总动员 WALL·E,安德鲁·斯坦顿,安德鲁·斯坦顿 / 吉姆·里尔顿 / 彼特·道格特,本·贝尔特 / 艾丽莎·奈特 / 杰夫·格尔林 ,科幻/动画/冒险, 美国, 美国,2008/6/27,98,9.3,909954,1411294,197995,148877
12,三傻大闹宝莱坞 3 Idiots,拉吉库马尔·希拉尼,维德胡·维诺德·乔普拉 / 拉吉库马尔·希拉尼 / 阿希贾特·乔希,阿米尔·汗 / 卡琳娜·卡普尔 / 马达范 ,剧情/喜剧/爱情/歌舞, 印度, 印地语 / 乌尔都语 / 英语,2011/12/8,171分钟(印,9.2,1264421,1948831,148192,240332
13,楚门的世界 The Truman Show,彼得·威尔,安德鲁·尼科尔,金·凯瑞 / 劳拉·琳妮 / 艾德·哈里斯 ,剧情/科幻, 美国, 英语,1998/6/5,103,9.3,1002640,1543165,278925,184168
14,放牛班的春天 Les choristes,克里斯托夫·巴拉蒂,乔治·沙普罗 / 勒·惠勒 / 诺埃-诺尔 / 克里斯托夫·巴拉蒂 / 菲利普·洛佩斯-屈瓦尔,热拉尔·朱尼奥 / 弗朗索瓦·贝莱昂 / 凯德·麦拉德 ,剧情/音乐, 法国 / 瑞士 / 德国, 法语,2004/10/16,97,9.3,880834,1442624,253835,139502
15,星际穿越 Interstellar,克里斯托弗·诺兰,乔纳森·诺兰 / 克里斯托弗·诺兰,马修·麦康纳 / 安妮·海瑟薇 / 杰西卡·查斯坦 ,剧情/科幻/冒险, 美国 / 英国 / 加拿大 / 冰岛, 英语,2014/11/12,169,9.3,1017097,1526083,212330,232833
16,大话西游之大圣娶亲 西遊記大結局之仙履奇緣,刘镇伟,刘镇伟,周星驰 / 吴孟达 / 朱茵 ,喜剧/爱情/奇幻/古装, 中国香港 / 中国大陆, 粤语 / 汉语普通话,1995/2/4,95,9.2,992143,1621715,126432,150276
17,熔炉 ???,黄东赫,孔枝泳 / 黄东赫,孔侑 / 郑有美 / 金志映 ,剧情, 韩国, 韩语,2011/9/22,125,9.3,606280,872154,268754,134076
18,疯狂动物城 Zootopia,拜伦·霍华德,拜伦·霍华德 / 瑞奇·摩尔 / 杰拉德·布什 / 吉姆·里尔顿 / 乔西·特立尼达 / 菲尔·约翰斯顿 / 珍妮弗·李,金妮弗·古德温 / 杰森·贝特曼 / 伊德里斯·艾尔巴 ,喜剧/动画/冒险, 美国, 英语 / 挪威语,2016/3/4,109分钟(中国大,9.2,1172582,1850669,84318,225399
19,龙猫 となりのトトロ,宫崎骏,宫崎骏,日高法子 / 坂本千夏 / 糸井重里 ,动画/奇幻/冒险, 日本, 日语,2018/12/14,86,9.2,850515,1435624,262008,146271
20,无间道 無間道,刘伟强,麦兆辉 / 庄文强,刘德华 / 梁朝伟 / 黄秋生 ,剧情/悬疑/犯罪, 中国香港, 粤语,2002/12/12,101,9.2,811448,1341575,158992,109866
21,教父 The Godfather,弗朗西斯·福特·科波拉,马里奥·普佐 / 弗朗西斯·福特·科波拉,马龙·白兰度 / 阿尔·帕西诺 / 詹姆斯·肯恩 ,剧情/犯罪, 美国, 英语 / 意大利语 / 拉丁语,1972/3/15,175,9.3,624333,942435,299632,95792
22,当幸福来敲门 The Pursuit of Happyness,加布里埃莱·穆奇诺,斯蒂夫·康拉德,威尔·史密斯 / 贾登·史密斯 / 坦迪·牛顿 ,剧情/家庭/传记, 美国, 英语 / 粤语,2008/1/17,117,9.1,1015683,1642043,185857,150951
23,怦然心动 Flipped,罗伯·莱纳,罗伯·莱纳 / 安德鲁·沙因曼 / 文德琳·范·德拉安南,玛德琳·卡罗尔 / 卡兰·麦克奥利菲 / 瑞贝卡·德·莫妮 ,剧情/喜剧/爱情, 美国, 英语,2010/7/26,90,9.1,1165320,1824235,269051,261796
24,触不可及 Intouchables,奥利维埃·纳卡什,奥利维埃·纳卡什 / 埃里克·托莱达诺,弗朗索瓦·克鲁塞 / 奥玛·希 / 安娜·勒尼 ,剧情/喜剧, 法国, 法语,2011/11/2,112,9.2,664539,960379,393893,144231
25,蝙蝠侠：黑暗骑士 The Dark Knight,克里斯托弗·诺兰,乔纳森·诺兰 / 克里斯托弗·诺兰 / 大卫·S·高耶,克里斯蒂安·贝尔 / 希斯·莱杰 / 艾伦·艾克哈特 ,剧情/动作/科幻/惊悚/犯罪, 美国 / 英国, 美国 / 英国,2008/7/14,152,9.2,682844,1050565,153462,111188
26,控方证人 Witness for the Prosecution,比利·怀德,阿加莎·克里斯蒂 / 比利·怀德 / 哈里·库尼兹,泰隆·鲍华 / 玛琳·黛德丽 / 查尔斯·劳顿 ,剧情/悬疑/犯罪, 美国, 英语 / 德语,1957/12/17,116,9.6,253993,310895,249854,68405
27,活着,张艺谋,芦苇 / 余华,葛优 / 巩俐 / 姜武 ,剧情/家庭/历史, 中国大陆 / 中国香港, 汉语普通话,1994/6/30,132,9.2,526734,779096,272885,101208
28,乱世佳人 Gone with the Wind,维克多·弗莱明,玛格丽特·米歇尔 / 西德尼·霍华德 / 奥利弗·H·P·加勒特 / 本·赫克特 / 乔·斯沃林 / 约翰·范·德鲁登,费雯·丽 / 克拉克·盖博 / 奥利维娅·德哈维兰 ,剧情/爱情/历史/战争, 美国, 英语,1939/12/15,238,9.3,452910,668630,241431,86325
29,摔跤吧！爸爸 Dangal,涅提·蒂瓦里,比于什·古普塔 / 施热亚·简 / 尼基尔·麦罗特拉 / 涅提·蒂瓦里,阿米尔·汗 / 法缇玛·萨那·纱卡 / 桑亚·玛荷塔 ,剧情/家庭/传记/运动, 印度, 印地语,2017/5/5,161分钟(印,9,1026427,1865959,132662,214452
30,少年派的奇幻漂流 Life of Pi,李安,扬·马特尔 / 大卫·麦基,苏拉·沙玛 / 伊尔凡·可汗 / 拉菲·斯波 ,剧情/奇幻/冒险, 美国 / 中国台湾 / 英国 / 加拿大, 美国 / 中国台湾 / 英国 / 加拿大,2012/11/22,127,9.1,971460,1495187,194292,216602
31,末代皇帝 The Last Emperor,贝纳尔多·贝托鲁奇,贝纳尔多·贝托鲁奇 / 马克·派普罗,尊龙 / 陈冲 / 邬君梅 ,剧情/传记/历史, 英国 / 意大利 / 中国大陆 / 法国, 英语 / 汉语普通话 / 日语,1987/10/4,163,9.2,459153,698624,256309,89290
32,寻梦环游记 Coco,李·昂克里奇,阿德里安·莫利纳 / 马修·奥尔德里奇 / 李·昂克里奇 / 詹森·卡茨,安东尼·冈萨雷斯 / 盖尔·加西亚·贝纳尔 / 本杰明·布拉特 ,喜剧/动画/音乐/奇幻, 美国, 英语 / 西班牙语,2017/11/24,105,9.1,977339,1536853,145265,251978
33,指环王3：王者无敌 The Lord of the Rings: The Return of the King,彼得·杰克逊,弗兰·威尔士 / 菲利帕·鲍恩斯 / 彼得·杰克逊 / J·R·R·托尔金,维果·莫腾森 / 伊利亚·伍德 / 西恩·奥斯汀 ,剧情/动作/奇幻/冒险, 美国 / 新西兰, 美国 / 新西兰,2004/3/12,201,9.2,500042,782391,93696,54390
34,飞屋环游记 Up,彼特·道格特,彼特·道格特 / 鲍勃·彼德森 / 汤姆·麦卡锡,爱德华·阿斯纳 / 克里斯托弗·普卢默 / 乔丹·长井 ,剧情/喜剧/动画/冒险, 美国, 英语,2009/8/4,96,9,896465,1442263,177170,134076
35,十二怒汉 12 Angry Men,西德尼·吕美特,雷金纳德·罗斯,亨利·方达 / 马丁·鲍尔萨姆 / 约翰·菲德勒 ,剧情, 美国, 英语,1957/4/13,96,9.4,301319,402350,234604,65120
36,鬼子来了,姜文,姜文 / 史建全 / 述平 / 尤凤伟,姜文 / 香川照之 / 袁丁 ,剧情/历史/战争, 中国大陆, 汉语普通话 / 日语 / 唐山话,2000/5/12,139,9.2,416646,631875,208134,71459
37,天空之城 天空の城ラピュタ,宫崎骏,宫崎骏,田中真弓 / 横泽启子 / 初井言荣 ,动画/奇幻/冒险, 日本, 日语,1992/5/1,125,9.1,570430,974862,206620,70585
38,何以为家 ????????,娜丁·拉巴基,娜丁·拉巴基 / 吉哈德·霍加里 / 米歇尔·凯斯沃尼 / 乔治斯·哈巴兹 / 哈立德·穆扎纳,赞恩·阿尔·拉菲亚 / 约丹诺斯·希费罗 / 博鲁瓦蒂夫·特雷杰·班科尔 ,剧情, 黎巴嫩 / 法国 / 美国, 阿拉伯语 / 阿姆哈拉语,2019/4/29,126,9.1,561591,787504,268793,148754
39,大话西游之月光宝盒 西遊記第壹佰零壹回之月光寶盒,刘镇伟,刘镇伟 / 吴承恩,周星驰 / 吴孟达 / 罗家英 ,喜剧/爱情/奇幻/古装, 中国香港 / 中国大陆, 粤语 / 汉语普通话,1995/1/21,87,9,799583,1426088,67887,71830
40,哈尔的移动城堡 ハウルの動く城,宫崎骏,宫崎骏 / 吉田玲子,倍赏千惠子 / 木村拓哉 / 美轮明宏 ,动画/奇幻/冒险, 日本, 日语,2004/9/5,119,9,649663,1073816,140586,96035
41,天堂电影院 Nuovo Cinema Paradiso,朱塞佩·托纳多雷,朱塞佩·托纳多雷 / 瓦娜·波利 / 理查德·埃帕卡,安东内拉·阿蒂利 / 恩佐·卡拉瓦勒 / 艾萨·丹尼埃利 ,剧情/爱情, 意大利 / 法国, 意大利语,1988/11/17,155,9.2,456858,660414,298949,79395
42,素媛 ??,李濬益,金智慧 / 赵重勋,薛景求 / 严志媛 / 李来 ,剧情, 韩国, 韩国,2013/10/2,123,9.2,400175,607566,204296,80031
43,罗马假日 Roman Holiday,威廉·惠勒,伊安·麦克莱伦·亨特 / 约翰·戴顿 / 达尔顿·特朗勃,奥黛丽·赫本 / 格利高里·派克 / 埃迪·艾伯特 ,剧情/喜剧/爱情, 美国, 英语 / 意大利语 / 德语,1953/8/20,118,9,657416,1129900,218778,105553
44,闻香识女人 Scent of a Woman,马丁·布莱斯特,博·古德曼 / 乔瓦尼·阿尔皮诺,阿尔·帕西诺 / 克里斯·奥唐纳 / 詹姆斯·瑞布霍恩 ,剧情, 美国, 英语,1992/12/23,157,9.1,570162,871328,266906,106340
45,辩护人 ???,杨宇硕,杨宇硕 / 尹贤浩,宋康昊 / 吴达洙 / 金英爱 ,剧情, 韩国, 韩国,2013/12/18,127,9.2,403823,555962,232483,86509
46,搏击俱乐部 Fight Club,大卫·芬奇,恰克·帕拉尼克 / 吉姆·乌尔斯,爱德华·诺顿 / 布拉德·皮特 / 海伦娜·伯翰·卡特 ,剧情/动作/悬疑/惊悚, 美国 / 德国, 英语,1999/9/10,139,9,603185,837618,243436,114766
47,死亡诗社 Dead Poets Society,彼得·威尔,汤姆·舒尔曼,罗宾·威廉姆斯 / 罗伯特·肖恩·莱纳德 / 伊桑·霍克 ,剧情, 美国, 英语 / 拉丁语,1989/6/2,128,9.1,468946,663258,260166,97705
48,窃听风暴 Das Leben der Anderen,弗洛里安·亨克尔·冯·多纳斯马尔克,弗洛里安·亨克尔·冯·多纳斯马尔克,乌尔里希·穆埃 / 马蒂娜·格德克 / 塞巴斯蒂安·科赫 ,剧情/悬疑, 德国, 德语,2006/3/23,137,9.1,386580,572502,285527,81191
49,教父2 The Godfather: Part Ⅱ,弗朗西斯·福特·科波拉,弗朗西斯·福特·科波拉 / 马里奥·普佐,阿尔·帕西诺 / 罗伯特·杜瓦尔 / 黛安·基顿 ,剧情/犯罪, 美国, 英语 / 意大利语 / 西班牙语 / 拉丁语 / 西西里语,1974/12/12,202,9.2,343255,532288,143373,35898
50,哈利·波特与魔法石 Harry Potter and the Sorcerer's Stone,克里斯·哥伦布,史蒂夫·克洛夫斯 / J·K·罗琳,丹尼尔·雷德克里夫 / 艾玛·沃森 / 鲁伯特·格林特 ,奇幻/冒险, 美国 / 英国, 美国 / 英国,2002/1/26,152,9,586340,977163,48815,67546
51,狮子王 The Lion King,罗杰·阿勒斯,艾琳·梅琪 / 乔纳森·罗伯特  / 琳达·伍尔芙顿,乔纳森·泰勒·托马斯 / 马修·布罗德里克 / 杰瑞米·艾恩斯 ,动画/歌舞/冒险, 美国, 英语 / 斯瓦希里语 / 科萨语 / 祖鲁语,1995/7/15,89,9,524712,928112,112950,55971
52,指环王2：双塔奇兵 The Lord of the Rings: The Two Towers,彼得·杰克逊,弗兰·威尔士 / 菲利帕·鲍恩斯 / 斯蒂芬·辛克莱 / 彼得·杰克逊 / J·R·R·托尔金,伊利亚·伍德 / 西恩·奥斯汀 / 伊恩·麦克莱恩 ,剧情/动作/奇幻/冒险, 美国 / 新西兰, 美国 / 新西兰,2003/4/25,179,9.1,459146,733376,71357,36980
53,我不是药神,文牧野,韩家女 / 钟伟 / 文牧野,徐峥 / 王传君 / 周一围 ,剧情/喜剧, 中国大陆, 汉语普通话 / 英语 / 上海话 / 印地语,2018/7/5,117,9,1391409,4045012,852656,387322
54,"两杆大烟枪 Lock, Stock and Two Smoking Barrels",盖·里奇,盖·里奇,杰森·弗莱明 / 德克斯特·弗莱彻 / 尼克·莫兰 ,剧情/喜剧/犯罪, 英国, 英语,1998/8/28,107,9.1,409210,560677,251368,75077
55,大闹天宫,万籁鸣,李克弱 / 万籁鸣,邱岳峰 / 富润生 / 毕克 ,动画/奇幻, 中国大陆, 汉语普通话,1961,114,9.3,243233,432337,91536,24455
56,指环王1：魔戒再现 The Lord of the Rings: The Fellowship of the Ring,彼得·杰克逊,弗兰·威尔士 / 菲利帕·鲍恩斯 / 彼得·杰克逊 / J·R·R·托尔金,伊利亚·伍德 / 西恩·奥斯汀 / 伊恩·麦克莱恩 ,剧情/动作/奇幻/冒险, 新西兰 / 美国, 新西兰 / 美国,2002/4/4,178,9,516260,837405,89339,53940
57,飞越疯人院 One Flew Over the Cuckoo's Nest,米洛斯·福尔曼,劳伦斯·奥邦 / 博·古德曼 / 肯·凯西 / 达尔·瓦瑟曼,杰克·尼科尔森 / 丹尼·德维托 / 克里斯托弗·洛伊德 ,剧情, 美国, 英语,1975/11/19,133,9.1,411832,605106,286966,74798
58,美丽心灵 A Beautiful Mind,朗·霍华德,阿齐瓦·高斯曼 / 西尔维娅·纳萨尔,罗素·克劳 / 艾德·哈里斯 / 詹妮弗·康纳利 ,剧情/传记, 美国, 英语,2001/12/13,135,9,507034,796558,249029,83556
59,饮食男女 飲食男女,李安,李安 / 王蕙玲 / 詹姆斯·夏慕斯,郎雄 / 杨贵媚 / 吴倩莲 ,剧情/家庭, 中国台湾 / 美国, 汉语普通话 / 闽南语 / 湖南话,1994/8/3,124,9.1,373617,514844,202161,82989
60,V字仇杀队 V for Vendetta,詹姆斯·麦克特格,莉莉·沃卓斯基 / 拉娜·沃卓斯基,娜塔莉·波特曼 / 雨果·维文 / 斯蒂芬·瑞 ,剧情/动作/科幻/惊悚, 美国 / 英国 / 德国, 英语,2005/12/11,132,8.9,720742,1121464,257039,128794
61,黑客帝国 The Matrix,莉莉·沃卓斯基,莉莉·沃卓斯基 / 拉娜·沃卓斯基,基努·里维斯 / 劳伦斯·菲什伯恩 / 凯瑞-安·莫斯 ,动作/科幻, 美国 / 澳大利亚, 英语,1999/3/31,136,9,514738,854054,150251,68677
62,钢琴家 The Pianist,罗曼·波兰斯基,罗纳德·哈伍德,艾德里安·布洛迪 / 托马斯·克莱舒曼 / 艾米莉娅·福克斯 ,剧情/音乐/传记/历史/战争, 法国 / 德国 / 英国 / 波兰, 英语 / 德语 / 俄语,2002/5/24,150,9.1,338493,478237,209763,54764
63,本杰明·巴顿奇事 The Curious Case of Benjamin Button,大卫·芬奇,艾瑞克·罗斯 / 罗宾·史威考德 / F·司各特·菲茨杰拉德,凯特·布兰切特 / 布拉德·皮特 / 朱莉娅·奥蒙德 ,剧情/爱情/奇幻, 美国, 英语 / 俄语 / 法语,2008/12/25,166,8.9,664467,968866,201002,115336
64,猫鼠游戏 Catch Me If You Can,史蒂文·斯皮尔伯格,杰夫·内桑森,莱昂纳多·迪卡普里奥 / 汤姆·汉克斯 / 克里斯托弗·沃肯 ,剧情/传记/犯罪, 美国 / 加拿大, 英语 / 法语,2003/4/11,141,9,510608,734001,181856,84740
65,看不见的客人 Contratiempo,奥里奥尔·保罗,奥里奥尔·保罗,马里奥·卡萨斯 / 阿娜·瓦格纳 / 何塞·科罗纳多 ,剧情/悬疑/惊悚/犯罪, 西班牙, 西班牙语,2017/9/15,106,8.8,764429,1094736,213940,181012
66,让子弹飞,姜文,朱苏进 / 述平 / 姜文 / 郭俊立 / 危笑 / 李不空 / 马识途,姜文 / 葛优 / 周润发 ,剧情/喜剧/动作/西部, 中国大陆 / 中国香港, 汉语普通话 / 四川话 / 山西话,2010/12/16,132,8.8,1080619,1819080,120991,189474
67,海豚湾 The Cove,路易·西霍尤斯,马克·蒙雷,Richard O'Barry / 路易·西霍尤斯 / Hardy Jones ,纪录片, 美国, 美国,2009/7/31,92,9.3,272115,393044,200481,57709
68,情书 Love Letter,岩井俊二,岩井俊二,中山美穗 / 丰川悦司 / 酒井美纪 ,剧情/爱情, 日本, 日语,Mar-99,117,8.9,613018,904703,272964,138756
69,西西里的美丽传说 Malèna,朱塞佩·托纳多雷,朱塞佩·托纳多雷 / 卢恰诺·温琴佐尼,莫妮卡·贝鲁奇 / 朱塞佩·苏尔法罗 / Luciano Federico ,剧情/情色/战争, 意大利 / 美国, 意大利语 / 英语 / 拉丁语 / 古希腊语,2000/10/27,109,8.9,647398,1001164,236314,113662
70,拯救大兵瑞恩 Saving Private Ryan,史蒂文·斯皮尔伯格,罗伯特·罗达特,汤姆·汉克斯 / 汤姆·塞兹摩尔 / 爱德华·伯恩斯 ,剧情/历史/战争, 美国, 美国,1998/11/13,169,9,428148,679343,157744,51157
71,小鞋子 ?????? ?????,马基德·马基迪,马基德·马基迪,法拉赫阿米尔·哈什米安 / 默罕默德·阿米尔·纳吉 / 巴哈丽·西迪奇 ,剧情/家庭/儿童, 伊朗, 伊朗,Feb-97,89,9.2,261260,357595,176522,52203
72,美国往事 Once Upon a Time in America,赛尔乔·莱昂内,皮耶罗·德·贝纳迪 / 莱奥纳多·本韦努蒂 / 弗兰科·奥卡利 / 恩里科·梅迪欧力 / 弗兰科·费里尼 / 赛尔乔·莱昂内,罗伯特·德尼罗 / 詹姆斯·伍兹 / 伊丽莎白·麦戈文 ,剧情/犯罪, 美国 / 意大利, 美国 / 意大利,1984/2/17,229分钟(导演剪辑,9.2,283534,406802,302848,55060
73,音乐之声 The Sound of Music,罗伯特·怀斯,乔治·胡达勒克 / 霍华德·林赛 / 拉塞尔·克劳斯 / 恩斯特·莱赫曼 / Maria von Trapp,朱莉·安德鲁斯 / 克里斯托弗·普卢默 / 埃琳诺·帕克 ,剧情/爱情/歌舞/传记, 美国, 英语 / 德语,1965/3/2,174,9,395415,638985,104485,46180
74,穿条纹睡衣的男孩 The Boy in the Striped Pajamas,马克·赫尔曼,约翰·伯恩 / 马克·赫尔曼,阿萨·巴特菲尔德 / 维拉·法米加 / 卡拉·霍根 ,剧情/战争, 英国 / 美国, 英语 / 西班牙语,2008/9/12,94,9.1,320405,454214,229371,67359
75,致命魔术 The Prestige,克里斯托弗·诺兰,乔纳森·诺兰 / 克里斯托弗·诺兰 / 克里斯托弗·普瑞丝特,休·杰克曼 / 克里斯蒂安·贝尔 / 迈克尔·凯恩 ,剧情/悬疑/惊悚, 美国 / 英国, 英语,2006/10/17,130,8.9,568512,767940,187600,101984
76,七宗罪 Se7en,大卫·芬奇,安德鲁·凯文·沃克,摩根·弗里曼 / 布拉德·皮特 / 凯文·史派西 ,剧情/悬疑/惊悚/犯罪, 美国, 英语 / 葡萄牙语,1995/9/22,127,8.8,665550,985731,225237,95473
77,低俗小说 Pulp Fiction,昆汀·塔伦蒂诺,昆汀·塔伦蒂诺 / 罗杰·阿夫瑞,约翰·特拉沃尔塔 / 乌玛·瑟曼 / 阿曼达·普拉莫 ,剧情/喜剧/犯罪, 美国, 英语 / 西班牙语 / 法语,1994/5/12,154,8.8,566193,794966,256985,103269
78,沉默的羔羊 The Silence of the Lambs,乔纳森·戴米,托马斯·哈里斯 / 泰德·塔里,朱迪·福斯特 / 安东尼·霍普金斯 / 斯科特·格伦 ,剧情/惊悚/犯罪, 美国, 英语,1991/2/14,118,8.8,562811,843125,187936,78744
79,被嫌弃的松子的一生 嫌われ松子の一生,中岛哲也,中岛哲也 / 山田宗树,中谷美纪 / 永山瑛太 / 香川照之 ,剧情/歌舞, 日本, 日语,2006/5/27,130,8.9,506011,709596,247680,132676
80,蝴蝶效应 The Butterfly Effect,埃里克·布雷斯,J·麦基·格鲁伯 / 埃里克·布雷斯,阿什顿·库彻 / 梅洛拉·沃尔特斯 / 艾米·斯马特 ,剧情/科幻/悬疑/惊悚, 美国 / 加拿大, 英语,2004/1/23,113,8.8,624602,1004110,223857,101581
81,春光乍泄 春光乍洩,王家卫,王家卫,张国荣 / 梁朝伟 / 张震,剧情/爱情/同性, 中国香港 / 日本 / 韩国, 粤语 / 汉语普通话 / 西班牙语,1997/5/30,96,8.9,419384,588842,218326,83686
82,禁闭岛 Shutter Island,马丁·斯科塞斯,莱塔·卡罗格里迪斯 / 丹尼斯·勒翰,莱昂纳多·迪卡普里奥 / 马克·鲁弗洛 / 本·金斯利 ,剧情/悬疑/惊悚, 美国, 英语 / 德语,2010/2/13,138,8.8,621741,908701,167730,109282
83,心灵捕手 Good Will Hunting,格斯·范·桑特,本·阿弗莱克 / 马特·达蒙,马特·达蒙 / 罗宾·威廉姆斯 / 本·阿弗莱克 ,剧情, 美国, 英语,1997/12/5,126,8.9,464525,683593,223331,79815
84,布达佩斯大饭店 The Grand Budapest Hotel,韦斯·安德森,韦斯·安德森 / 雨果·吉尼斯 / 斯蒂芬·茨威格,拉尔夫·费因斯 / 托尼·雷沃罗利 / 艾德里安·布洛迪 ,剧情/喜剧/冒险, 美国 / 德国 / 英国, 美国 / 德国 / 英国,2014/2/6,99,8.8,586779,793295,239816,130764
85,绿皮书 Green Book,彼得·法雷里,尼克·瓦莱隆加 / 布莱恩·库瑞 / 彼得·法雷里,维果·莫腾森 / 马赫沙拉·阿里 / 琳达·卡德里尼 ,剧情/喜剧/传记, 美国, 英语 / 意大利语 / 俄语 / 德语,2019/3/1,130,8.9,973434,1445498,452301,256040
86,勇敢的心 Braveheart,梅尔·吉布森,兰道尔·华莱士,梅尔·吉布森 / 苏菲·玛索 / 布莱恩·考克斯 ,剧情/动作/传记/历史/战争, 美国, 英语 / 法语 / 拉丁语 / 苏格兰盖尔语,1995/5/18,177,8.9,426058,660574,153239,65713
87,剪刀手爱德华 Edward Scissorhands,蒂姆·波顿,蒂姆·波顿 / 卡罗琳·汤普森,约翰尼·德普 / 薇诺娜·瑞德 / 黛安·韦斯特 ,剧情/爱情/奇幻, 美国, 英语,1990/12/6,105,8.7,759698,1250855,175575,112841
88,阿凡达 Avatar,詹姆斯·卡梅隆,詹姆斯·卡梅隆,萨姆·沃辛顿 / 佐伊·索尔达娜 / 西格妮·韦弗 ,动作/科幻/冒险, 美国 / 英国, 美国 / 英国,2010/1/4,162,8.7,898788,1545916,100339,140699
89,天使爱美丽 Le fabuleux destin d'Amélie Poulain,让-皮埃尔·热内,纪尧姆·洛朗 / 让-皮埃尔·热内,奥黛丽·塔图 / 马修·卡索维茨 / 吕菲斯 ,喜剧/爱情, 法国 / 德国, 法语 / 俄语,2001/4/25,122,8.7,730838,1206879,228471,133776
90,海蒂和爷爷 Heidi,阿兰·葛斯彭纳,约翰娜·施皮里 / 佩特拉·比翁迪娜·沃尔普,阿努克·斯特芬 / 布鲁诺·甘茨 / 昆林·艾格匹 ,剧情/家庭/冒险, 德国 / 瑞士 / 南非, 德语 / 瑞士德语 / 南非语,2019/5/16,111,9.2,214189,288770,197427,64602
91,摩登时代 Modern Times,查理·卓别林,查理·卓别林,查理·卓别林 / 宝莲·高黛 / 亨利·伯格曼 ,剧情/喜剧/爱情, 美国, 英语,1936/2/25,87,9.3,181992,321744,136617,22955
92,加勒比海盗 Pirates of the Caribbean: The Curse of the Black Pearl,戈尔·维宾斯基,泰德·艾略特 / 特里·鲁西奥 / 斯图尔特·贝亚蒂耶 / 杰·沃尔伯特,约翰尼·德普 / 杰弗里·拉什 / 奥兰多·布鲁姆 ,动作/奇幻/冒险, 美国, 英语,2003/11/21,143,8.7,594209,1044442,65513,56565
93,致命ID Identity,詹姆斯·曼高德,迈克尔·库尼,约翰·库萨克 / 雷·利奥塔 / 阿曼达·皮特 ,剧情/悬疑/惊悚, 美国, 英语,2003/4/25,90,8.8,520902,702973,162398,93762
94,喜剧之王 喜劇之王,周星驰,曾瑾昌 / 周星驰 / 李敏 / 郑文辉 / 冯勉恒 / 梁嘉杰,周星驰 / 张柏芝 / 莫文蔚 ,剧情/喜剧/爱情, 中国香港, 粤语,1999/2/13,85,8.7,613730,1071136,94263,79528
95,断背山 Brokeback Mountain,李安,拉里·麦克穆特瑞 / 黛安娜·奥撒纳 / 安妮·普鲁,希斯·莱杰 / 杰克·吉伦哈尔 / 米歇尔·威廉姆斯 ,剧情/爱情/同性/家庭, 美国 / 加拿大, 美国 / 加拿大,2005/9/2,134,8.8,505684,744895,196996,89967
96,幽灵公主 もののけ姫,宫崎骏,宫崎骏,松田洋治 / 石田百合子 / 田中裕子 ,动画/奇幻/冒险, 日本, 日语,1997/7/12,134,8.9,371509,612270,127566,47346
97,入殓师 おくりびと,泷田洋二郎,小山薰堂,本木雅弘 / 广末凉子 / 山崎努 ,剧情, 日本, 日本,2008/9/13,130,8.8,433455,621297,178584,77618
98,杀人回忆 ??? ??,奉俊昊,奉俊昊 / 沈成宝 / 金光林,宋康昊 / 金相庆 / 金雷河 ,剧情/悬疑/惊悚/犯罪, 韩国, 韩语,2003/5/2,131,8.8,422750,547316,184868,84165
99,狩猎 Jagten,托马斯·温特伯格,托马斯·温特伯格 / 托比亚斯·林道赫姆,麦斯·米科尔森 / 托玛斯·博·拉森 / 安妮卡·韦德科普 ,剧情, 丹麦 / 瑞典, 丹麦语 / 英语 / 波兰语,2012/5/20,115,9.1,228755,301768,250289,62312
100,阳光灿烂的日子,姜文,姜文 / 王朔,夏雨 / 宁静 / 陶虹 ,剧情/爱情, 中国大陆 / 中国香港, 汉语普通话,1995/6/28,134分钟(中国大,8.8,426854,640542,176796,70875
101,重庆森林 重慶森林,王家卫,王家卫,林青霞 / 金城武 / 梁朝伟 ,剧情/爱情, 中国香港, 粤语 / 汉语普通话 / 英语 / 印地语 / 日语,1994/7/14,102,8.7,535135,790205,196531,106779
102,第六感 The Sixth Sense,M·奈特·沙马兰,M·奈特·沙马兰,布鲁斯·威利斯 / 海利·乔·奥斯蒙 / 托妮·科莱特 ,剧情/悬疑/惊悚, 美国, 英语 / 拉丁语 / 西班牙语,1999/8/6,107,8.9,366809,488890,184056,71319
103,请以你的名字呼唤我 Call Me by Your Name,卢卡·瓜达尼诺,詹姆斯·伊沃里 / 安德列·艾席蒙,艾米·汉莫 / 蒂莫西·柴勒梅德 / 迈克尔·斯图巴 ,剧情/爱情/同性, 意大利 / 法国 / 巴西 / 美国 / 荷兰 / 德国, 英语 / 意大利语 / 法语 / 德语 / 希伯来语,2017/1/22,132,8.9,400349,527143,289561,123956
104,小森林 夏秋篇 リトル?フォレスト 夏?秋,森淳一,森淳一 / 五十岚大介,桥本爱 / 三浦贵大 / 松冈茉优 ,剧情, 日本, 日语,2014/8/30,111,9,270426,377040,159276,65044
105,消失的爱人 Gone Girl,大卫·芬奇,吉莉安·弗琳,本·阿弗莱克 / 裴淳华 / 尼尔·帕特里克·哈里斯 ,剧情/悬疑/惊悚/犯罪, 美国, 英语,2014/9/26,149,8.7,602435,789196,223614,147807
106,哈利·波特与死亡圣器(下) Harry Potter and the Deathly Hallows: Part 2,大卫·叶茨,史蒂夫·克洛夫斯 / J·K·罗琳,丹尼尔·雷德克里夫 / 艾玛·沃森 / 鲁伯特·格林特 ,剧情/悬疑/奇幻/冒险, 美国 / 英国, 英语,2011/8/4,130,8.8,485155,792400,55910,86687
107,玛丽和马克思 Mary and Max,亚当·艾略特,亚当·艾略特,托妮·科莱特 / 菲利普·塞默·霍夫曼 / 巴瑞·哈姆弗莱斯 ,剧情/喜剧/动画, 澳大利亚, 英语 / 意第绪语,2009/1/15,92,8.9,316796,419032,184395,75165
108,7号房的礼物 7??? ??,李焕庆,李焕庆 / 刘英雅,柳承龙 / 朴信惠 / 郑镇荣 ,剧情/喜剧/家庭, 韩国, 韩国,2013/1/23,127,8.9,334171,494159,135225,68529
109,红辣椒 パプリカ,今敏,水上清资 / 今敏 / 筒井康隆,林原惠美 / 江守彻 / 堀胜之祐 ,科幻/动画/悬疑/惊悚, 日本, 日语,2006/9/2,90,9,252657,319862,178913,57727
110,爱在黎明破晓前 Before Sunrise,理查德·林克莱特,理查德·林克莱特 / 金·克里桑,伊桑·霍克 / 朱莉·德尔佩 / 安德莉亚·埃克特 ,剧情/爱情, 美国 / 奥地利 / 瑞士, 英语 / 德语 / 法语,1995/1/27,101,8.8,385971,521620,241736,92229
111,告白,中岛哲也,中岛哲也 / 凑佳苗,松隆子 / 冈田将生 / 木村佳乃 ,剧情/惊悚, 日本, 日本,2010/6/5,106,8.7,514216,681685,161065,130323
112,一一,杨德昌,杨德昌,吴念真 / 李凯莉 / 金燕玲 ,剧情/爱情/家庭, 中国台湾 / 日本, 汉语普通话 / 闽南语 / 英语 / 日语,2017/7/28,173,9,235598,317942,262772,62648
113,侧耳倾听 耳をすませば,近藤喜文,宫崎骏 / 柊葵,本名阳子 / 小林桂树 / 高山南 ,剧情/爱情/动画, 日本, 日语 / 英语,1995/7/15,111,8.9,299399,422448,131367,58803
114,大鱼 Big Fish,蒂姆·波顿,Daniel Wallace / 约翰·奥古斯特,伊万·麦克格雷格 / 阿尔伯特·芬尼 / 比利·克鲁德普 ,剧情/家庭/奇幻/冒险, 美国, 英语 / 法语 / 俄语 / 粤语 / 汉语普通话,2003/12/4,125,8.8,394258,551110,218470,76746
115,小森林 冬春篇 リトル?フォレスト 冬?春,森淳一,森淳一 / 五十岚大介,桥本爱 / 三浦贵大 / 松冈茉优 ,剧情, 日本, 日语,2015/2/14,120,9,237351,332635,142002,49968
116,阳光姐妹淘 ??,姜炯哲,姜炯哲 / 李炳宪,沈恩京 / 闵孝琳 / 姜素拉 ,剧情/喜剧, 韩国, 韩语,2011/5/4,124,8.8,428939,648665,151606,96854
117,射雕英雄传之东成西就 射鵰英雄傳之東成西就,刘镇伟,刘镇伟,梁朝伟 / 林青霞 / 张国荣 ,喜剧/奇幻/武侠/古装, 中国香港, 粤语,1993/2/5,113分钟(香,8.7,438014,698718,65343,65544
118,蝙蝠侠：黑暗骑士崛起 The Dark Knight Rises,克里斯托弗·诺兰,大卫·S·高耶 / 乔纳森·诺兰 / 克里斯托弗·诺兰,克里斯蒂安·贝尔 / 汤姆·哈迪 / 安妮·海瑟薇 ,剧情/动作/科幻/惊悚/犯罪, 美国 / 英国, 美国 / 英国,2012/8/27,165,8.7,480327,740297,85437,97311
119,超脱 Detachment,托尼·凯耶,卡尔·隆德,艾德里安·布洛迪 / 马西娅·盖伊·哈登 / 詹姆斯·肯恩 ,剧情, 美国, 美国,2011/4/25,97,8.9,301894,396350,260246,79122
120,倩女幽魂,程小东,阮继志,张国荣 / 王祖贤 / 午马 ,爱情/奇幻/武侠/古装, 中国香港, 粤语,1987/7/18,98分钟(香,8.7,469113,921631,69723,58398
121,唐伯虎点秋香 唐伯虎點秋香,李力持,李力持 / 谷德昭 / 陈文强,周星驰 / 巩俐 / 陈百祥 ,喜剧/爱情/古装, 中国香港, 粤语,1993/7/1,102,8.6,660217,1233556,24760,55640
122,甜蜜蜜,陈可辛,岸西,黎明 / 张曼玉 / 杨恭如 ,剧情/爱情, 中国香港, 粤语 / 汉语普通话 / 英语,1996/11/2,118分钟(中国大,8.8,345575,495593,145576,69274
123,驯龙高手 How to Train Your Dragon,迪恩·德布洛斯,威廉姆·戴维斯 / 迪恩·德布洛斯 / 克里斯·桑德斯 / 葛蕾熙达·柯维尔,杰伊·巴鲁切尔 / 杰拉德·巴特勒 / 克雷格·费格森 ,动画/奇幻/冒险, 美国, 美国,2010/5/14,98,8.7,507607,774824,91426,76828
124,菊次郎的夏天 菊次郎の夏,北野武,北野武,北野武 / 关口雄介 / 岸本加世子 ,剧情/喜剧, 日本, 日语,1999/5/20,121,8.8,336063,510729,246546,76159
125,恐怖直播 ? ?? ???,金秉祐,金秉祐,河正宇 / 李璟荣 / 全慧珍 ,剧情/悬疑/犯罪, 韩国, 韩语,2013/7/31,97,8.8,413436,569628,139840,86798
126,萤火之森 蛍火の杜へ,大森贵弘,绿川幸,佐仓绫音 / 内山昂辉 / 辻亲八 ,剧情/爱情/动画/奇幻, 日本, 日本,2011/9/17,45,8.8,316932,503439,159574,65010
127,爱在日落黄昏时 Before Sunset,理查德·林克莱特,理查德·林克莱特 / 朱莉·德尔佩 / 伊桑·霍克 / 金·克里桑,伊桑·霍克 / 朱莉·德尔佩 / 弗农·多布切夫 ,剧情/爱情, 美国 / 法国, 英语 / 法语,2004/2/10,80,8.8,331373,454076,254006,72739
128,幸福终点站 The Terminal,史蒂文·斯皮尔伯格,安德鲁·尼科尔 / 萨沙·杰瓦西  / 杰夫·内桑森,汤姆·汉克斯 / 凯瑟琳·泽塔-琼斯 / 斯坦利·图齐 ,剧情/喜剧/爱情, 美国, 英语 / 俄语 / 法语 / 保加利亚语,2005/1/14,128,8.8,357759,513602,149368,56308
129,超能陆战队 Big Hero 6,唐·霍尔,乔丹·罗伯茨 / 丹尼尔·吉尔森 / 罗伯特·L·贝尔德,斯科特·安第斯 / 瑞恩·波特 / 丹尼尔·海尼 ,喜剧/动作/科幻/动画/冒险, 美国, 美国,2015/2/28,102,8.7,653629,998201,59481,124937
130,无人知晓 誰も知らない,是枝裕和,是枝裕和,柳乐优弥 / 北浦爱 / 木村飞影 ,剧情, 日本, 日语,2004/5/13,141,9.1,170300,226944,198875,46661
131,借东西的小人阿莉埃蒂 借りぐらしのアリエッティ,米林宏昌,宫崎骏 / 丹羽圭子 / 玛丽·诺顿,志田未来 / 神木隆之介 / 树木希林 ,动画/奇幻/冒险, 日本, 日本,2010/7/17,94,8.8,355366,502726,101361,66016
132,神偷奶爸 Despicable Me,皮埃尔·柯芬,肯·道里欧 / 塞尔希奥·巴勃罗斯 / 辛科·保罗,史蒂夫·卡瑞尔 / 杰森·席格尔 / 拉塞尔·布兰德 ,喜剧/动画/冒险, 美国 / 法国, 美国 / 法国,2010/6/20,95,8.6,657563,1123492,77421,90523
133,风之谷 風の谷のナウシカ,宫崎骏,宫崎骏,岛本须美 / 松田洋治 / 榊原良子 ,动画/奇幻/冒险, 日本, 日语,May-92,117,8.9,267930,460001,120715,32206
134,"怪兽电力公司 Monsters, Inc.",彼特·道格特,安德鲁·斯坦顿 / 丹尼尔·吉尔森 / 罗伯特·L·贝尔德 / 瑞特·里斯 / 乔纳森·罗伯特  / 彼特·道格特 / 杰夫·皮金 / 吉尔·卡尔顿 / 拉夫·埃格尔斯顿,约翰·古德曼 / 比利·克里斯托 / 玛丽·吉布斯 ,喜剧/动画/儿童/奇幻/冒险, 美国, 美国,2001/11/2,92,8.7,424656,698166,91254,45282
135,玩具总动员3 Toy Story 3,李·昂克里奇,迈克尔·阿恩特 / 约翰·拉塞特 / 安德鲁·斯坦顿 / 李·昂克里奇,汤姆·汉克斯 / 蒂姆·艾伦 / 琼·库萨克 ,喜剧/动画/奇幻/冒险, 美国, 美国,2010/6/16,103,8.8,329968,528321,93566,55190
136,上帝之城 Cidade de Deus,费尔南多·梅里尔斯,保罗·林斯 / 布罗里欧·曼托伐尼,亚历桑德雷·罗德里格斯 / 莱安德鲁·菲尔米诺 / 菲利佩·哈根森 ,剧情/犯罪, 巴西 / 法国, 葡萄牙语,2002/5/18,130,8.9,219459,304693,156466,36895
137,血战钢锯岭 Hacksaw Ridge,梅尔·吉布森,安德鲁·奈特 / 罗伯特·申坎,安德鲁·加菲尔德 / 萨姆·沃辛顿 / 文斯·沃恩 ,剧情/传记/历史/战争, 美国 / 澳大利亚, 美国 / 澳大利亚,2016/12/8,139分钟(中国大,8.7,544778,921517,121676,129568
138,完美的世界 A Perfect World,克林特·伊斯特伍德,约翰·李·汉考克,凯文·科斯特纳 / 劳拉·邓恩 / 克林特·伊斯特伍德 ,剧情/犯罪, 美国, 英语,1993/11/24,138,9.1,157495,203899,187301,35352
139,电锯惊魂 Saw,温子仁,温子仁 / 雷·沃纳尔,雷·沃纳尔 / 加利·艾尔维斯 / 丹尼·格洛弗 ,悬疑/惊悚/恐怖, 美国, 英语,2004/1/19,103,8.7,333933,478683,77058,53696
140,傲慢与偏见 Pride & Prejudice,乔·赖特,简·奥斯汀 / 黛博拉·莫盖茨,凯拉·奈特莉 / 马修·麦克费登 / 唐纳德·萨瑟兰 ,剧情/爱情, 法国 / 英国 / 美国, 英语,2005/9/16,129,8.6,499750,805637,172908,96405
141,时空恋旅人 About Time,理查德·柯蒂斯,理查德·柯蒂斯,多姆纳尔·格里森 / 瑞秋·麦克亚当斯 / 比尔·奈伊 ,喜剧/爱情/奇幻, 英国, 英语,2013/9/4,123,8.7,359590,503395,192631,88346
142,喜宴 囍宴,李安,李安 / 冯光远 / 詹姆斯·夏慕斯,赵文瑄 / 郎雄 / 归亚蕾 ,剧情/喜剧/爱情/同性/家庭, 中国台湾 / 美国, 汉语普通话 / 英语,Feb-93,108,8.9,225475,296156,139123,46879
143,谍影重重3 The Bourne Ultimatum,保罗·格林格拉斯,托尼·吉尔罗伊 / 乔治·诺非 / 斯科特·Z·本恩斯,马特·达蒙 / 朱丽娅·斯蒂尔斯 / 大卫·斯特雷泽恩 ,动作/悬疑/惊悚, 美国 / 德国, 英语 / 法语 / 阿拉伯语 / 俄语 / 西班牙语,2007/11/15,115,8.8,290868,451446,75063,33021
144,岁月神偷 歲月神偷,罗启锐,罗启锐 / 张婉婷,吴君如 / 任达华 / 钟绍图 ,剧情/家庭, 中国香港 / 中国大陆, 粤语 / 汉语普通话 / 英语 / 上海话 / 法语,2010/3/11,117,8.7,434379,640265,168445,95105
145,教父3 The Godfather: Part III,弗朗西斯·福特·科波拉,马里奥·普佐 / 弗朗西斯·福特·科波拉,阿尔·帕西诺 / 黛安·基顿 / 塔莉娅·夏尔 ,剧情/犯罪, 美国, 英语 / 意大利语 / 德语 / 拉丁语,1990/12/25,170,8.9,227482,381603,107443,24239
146,英雄本色,吴宇森,陈庆嘉 / 吴宇森 / 梁淑华,周润发 / 狄龙 / 张国荣 ,剧情/动作/犯罪, 中国香港, 粤语 / 汉语普通话 / 英语,1986/8/2,95,8.7,327804,620116,91755,43187
147,七武士 七人の侍,黑泽明,黑泽明 / 桥本忍 / 小国英雄,三船敏郎 / 志村乔 / 稻叶义男 ,剧情/动作/冒险, 日本, 日语,1954/4/26,160分钟(国际,9.2,125328,180537,124703,25660
148,被解救的姜戈 Django Unchained,昆汀·塔伦蒂诺,昆汀·塔伦蒂诺,杰米·福克斯 / 莱昂纳多·迪卡普里奥 / 克里斯托弗·瓦尔兹 ,剧情/动作/西部/冒险, 美国, 美国,2013/5/12,163分钟(中国大,8.7,411860,549163,158206,89986
149,疯狂原始人 The Croods,柯克·德·米科,克里斯·桑德斯 / 柯克·德·米科 / 约翰·克立斯,尼古拉斯·凯奇 / 艾玛·斯通 / 瑞恩·雷诺兹 ,喜剧/动画/冒险, 美国, 英语,2013/4/20,98,8.7,585227,956010,99943,112390
150,真爱至上 Love Actually,理查德·柯蒂斯,理查德·柯蒂斯,休·格兰特 / 科林·费尔斯 / 艾玛·汤普森 ,剧情/喜剧/爱情, 英国 / 美国 / 法国, 英国 / 美国 / 法国,2003/9/7,135,8.6,494801,678104,204976,115496
151,"三块广告牌 Three Billboards Outside Ebbing, Missouri",马丁·麦克唐纳,马丁·麦克唐纳,弗兰西斯·麦克多蒙德 / 伍迪·哈里森 / 山姆·洛克威尔 ,剧情/犯罪, 美国 / 英国, 美国 / 英国,2018/3/2,115,8.7,571015,803393,293564,139882
152,萤火虫之墓 火垂るの墓,高畑勋,高畑勋 / 野坂昭如,辰己努 / 白石绫乃 / 志乃原良子 ,剧情/动画/战争, 日本, 日语,1988/4/16,89,8.7,303680,449683,115104,54766
153,心迷宫,忻钰坤,忻钰坤 / 冯元良 / 鲁妮凡,霍卫民 / 王笑天 / 罗芸 ,剧情/悬疑/犯罪, 中国大陆, 汉语普通话,2015/10/16,110分钟(中国大,8.7,323517,435055,182155,79576
154,哪吒闹海,严定宪,王树忱,梁正晖 / 邱岳峰 / 毕克 ,动画/奇幻/冒险, 中国大陆, 汉语普通话,1979/5/19,65,9,159517,269068,50752,16813
155,纵横四海 緃横四海,吴宇森,吴宇森 / 高志森 / 秦小珍,周润发 / 张国荣 / 钟楚红 ,剧情/喜剧/动作/犯罪, 中国香港, 粤语 / 汉语普通话 / 客家话 / 英语 / 法语,1991/2/2,108,8.8,266136,434602,83417,40912
156,功夫,周星驰,曾瑾昌 / 陈文强 / 周星驰 / 霍昕,周星驰 / 元秋 / 元华 ,喜剧/动作/犯罪/奇幻, 中国大陆 / 中国香港, 粤语 / 汉语普通话 / 手语,2004/12/23,100分钟(3D重,8.5,597823,1053198,23033,59884
157,爆裂鼓手 Whiplash,达米恩·查泽雷,达米恩·查泽雷,迈尔斯·特勒 / J·K·西蒙斯 / 保罗·雷瑟 ,剧情/音乐, 美国, 英语,2014/1/16,107,8.7,371574,495863,146119,91035
158,东邪西毒 東邪西毒,王家卫,王家卫 / 金庸,张国荣 / 林青霞 / 梁朝伟 ,剧情/动作/爱情/武侠/古装, 中国香港 / 中国台湾, 粤语 / 汉语普通话,1994/9/17,100,8.6,409443,750473,144297,58865
159,达拉斯买家俱乐部 Dallas Buyers Club,让-马克·瓦雷,克莱格·鲍登 / 梅丽莎·沃雷克,马修·麦康纳 / 詹妮弗·加纳 / 杰瑞德·莱托 ,剧情/同性/传记, 美国, 英语 / 日语,2013/9/7,117,8.8,303968,432297,185310,59340
160,我是山姆 I Am Sam,杰茜·尼尔森,杰茜·尼尔森 / 克里斯汀·约翰逊,西恩·潘 / 达科塔·范宁 / 米歇尔·菲佛 ,剧情/家庭, 美国, 英语,2001/12/3,132,8.9,192875,260514,156758,39779
161,记忆碎片 Memento,克里斯托弗·诺兰,克里斯托弗·诺兰 / 乔纳森·诺兰,盖·皮尔斯 / 凯瑞-安·莫斯 / 乔·潘托里亚诺 ,剧情/悬疑/惊悚/犯罪, 美国, 英语,2000/9/5,113,8.6,417034,614900,205052,78466
162,贫民窟的百万富翁 Slumdog Millionaire,丹尼·博伊尔,西蒙·博福伊 / 维卡斯·史瓦卢普,戴夫·帕特尔 / 沙鲁巴·舒克拉 / 亚尼·卡普 ,剧情/爱情, 英国 / 美国, 英国 / 美国,2009/3/26,120,8.6,542069,843281,132077,65054
163,天书奇谭,王树忱,王树忱 / 包蕾,丁建华 / 毕克 / 苏秀 ,动画/奇幻, 中国大陆, 汉语普通话,1983,89,9.2,125373,198811,35175,13806
164,荒蛮故事 Relatos salvajes,达米安·斯兹弗隆,达米安·斯兹弗隆,达里奥·格兰迪内蒂 / 玛丽娅·玛努尔 / 莫妮卡·比利亚 ,剧情/喜剧/犯罪, 阿根廷 / 西班牙, 西班牙语,2014/5/17,122,8.8,270946,348714,170352,66646
165,黑天鹅 Black Swan,达伦·阿伦诺夫斯基,安德雷斯·海因斯 / 马克·海曼 / 约翰·J·麦克劳克林,娜塔莉·波特曼 / 米拉·库尼斯 / 文森特·卡索 ,剧情/惊悚, 美国, 英语 / 法语 / 意大利语,2010/9/1,108,8.6,605962,889841,170460,127483
166,头号玩家 Ready Player One,史蒂文·斯皮尔伯格,扎克·佩恩 / 恩斯特·克莱恩,泰伊·谢里丹 / 奥利维亚·库克 / 本·门德尔森 ,动作/科幻/冒险, 美国, 英语 / 日语 / 汉语普通话,2018/3/30,140,8.7,953154,1563375,138155,247849
167,花样年华 花樣年華,王家卫,王家卫,梁朝伟 / 张曼玉 / 潘迪华 ,剧情/爱情, 中国香港, 粤语 / 上海话 / 法语,2000/9/29,98,8.6,380579,576588,133869,70478
168,你的名字。 君の名は。,新海诚,新海诚,神木隆之介 / 上白石萌音 / 长泽雅美 ,剧情/爱情/动画, 日本, 日本,2016/12/2,106,8.4,904127,1607015,170378,221412
169,卢旺达饭店 Hotel Rwanda,特瑞·乔治,凯尔·皮尔森 / 特瑞·乔治,唐·钱德尔 / 苏菲·奥康内多 / 华金·菲尼克斯 ,剧情/历史/战争, 英国 / 南非 / 意大利, 英国 / 南非 / 意大利,2004/9/11,121,8.9,189669,290422,189038,31436
170,雨人 Rain Man,巴瑞·莱文森,罗纳德·巴斯 / 巴里·莫罗,达斯汀·霍夫曼 / 汤姆·克鲁斯 / 瓦莱丽亚·戈利诺 ,剧情, 美国, 英语 / 意大利语,1988/12/16,133,8.7,294621,442924,180069,40960
171,头脑特工队 Inside Out,彼特·道格特,彼特·道格特 / 罗纳尔多·德尔·卡门 / 梅格·勒福夫 / 乔什·库雷 / 迈克尔·阿恩特 / 西蒙·里奇 / 鲍勃·彼德森 / 比尔·哈德尔 / 艾米·波勒,艾米·波勒 / 菲利丝·史密斯 / 理查德·坎德 ,喜剧/动画/冒险, 美国, 美国,2015/10/6,95,8.7,390966,540387,72827,86335
172,忠犬八公物语 ハチ公物語,神山征二郎,新藤兼人,山本圭 / 井川比佐志 / 片桐入 ,剧情, 日本, 日语,1987/8/1,107,9.1,119707,312564,108914,16590
173,模仿游戏 The Imitation Game,莫滕·泰杜姆,格拉汉姆·摩尔 / 安德鲁·霍奇斯,本尼迪克特·康伯巴奇 / 凯拉·奈特莉 / 马修·古迪 ,剧情/同性/传记/战争, 英国 / 美国, 英语 / 德语,2015/7/21,114,8.7,405014,555058,192332,85203
174,釜山行 ???,延尚昊,延尚昊,孔侑 / 郑有美 / 马东锡 ,动作/惊悚/灾难, 韩国, 韩语,2016/5/13,118,8.5,717591,1182772,111105,161752
175,一个叫欧维的男人决定去死 En man som heter Ove,汉内斯·赫尔姆,弗雷德里克·巴克曼 / 汉内斯·赫尔姆,罗夫·拉斯加德 / 巴哈·帕斯 / 托比亚斯·阿姆博瑞 ,剧情, 瑞典, 瑞典语 / 波斯语,2015/12/25,116,8.8,236736,328596,219167,61411
176,黑客帝国3：矩阵革命 The Matrix Revolutions,莉莉·沃卓斯基,莉莉·沃卓斯基 / 拉娜·沃卓斯基,基努·里维斯 / 劳伦斯·菲什伯恩 / 凯瑞-安·莫斯 ,动作/科幻, 美国 / 澳大利亚, 英语 / 法语,2003/11/5,129,8.7,273165,418692,53275,24178
177,你看起来好像很好吃 おまえうまそうだな,藤森雅也,村上修 / 神野博明 / 宫西达也,山口胜平 / 爱河里花子 / 加藤清史郎 ,剧情/动画/儿童, 日本, 日本,2010/10/16,90,8.9,230813,304458,126923,59164
178,无敌破坏王 Wreck-It Ralph,瑞奇·摩尔,菲尔·约翰斯顿 / 珍妮弗·李 / 瑞奇·摩尔 / 吉姆·里尔顿 / 约翰·C·赖利 / 山姆·J·莱文 / 贾里德·斯特恩,约翰·C·赖利 / 萨拉·西尔弗曼 / 杰克·麦克布瑞尔 ,喜剧/动画/奇幻/冒险, 美国, 英语,2012/11/6,101,8.7,355083,516725,96752,70980
179,未麻的部屋 Perfect Blue,今敏,村井贞之 / 竹内义和,岩男润子 / 松本梨香 / 辻亲八 ,动画/惊悚/奇幻, 日本, 日语,Jul-97,81,8.9,173320,218186,143147,40838
180,恋恋笔记本 The Notebook,尼克·卡萨维蒂,扬·萨尔迪 / 杰里米·莱文 / 尼古拉斯·斯帕克斯,瑞恩·高斯林 / 瑞秋·麦克亚当斯 / 吉娜·罗兰兹 ,剧情/爱情, 美国, 英语,2004/6/25,123,8.5,440070,635840,174223,97336
181,冰川时代 Ice Age,卡洛斯·沙尔丹哈,迈克尔·伯格  / 迈克尔·J·威尔森 / 彼得·阿克曼,雷·罗马诺 / 约翰·雷吉扎莫 / 丹尼斯·利瑞 ,喜剧/动画/冒险, 美国, 英语 / 克罗地亚语,2002/3/15,81,8.5,429368,755919,44540,32898
182,海边的曼彻斯特 Manchester by the Sea,肯尼思·洛纳根,肯尼思·洛纳根,卡西·阿弗莱克 / 卢卡斯·赫奇斯 / 米歇尔·威廉姆斯 ,剧情/家庭, 美国, 英语,2017/8/25,137,8.6,332967,454943,240936,101160
183,虎口脱险 La grande vadrouille,热拉尔·乌里,热拉尔·乌里 / 达妮埃尔·汤普森 / 马塞尔·朱利安 / 乔治·塔贝 / 安德烈·塔贝,路易·德·菲奈斯 / 布尔维尔 / 克劳迪奥·布鲁克 ,喜剧/战争, 法国 / 英国, 法语 / 英语 / 德语,1966/12/8,132,8.9,158867,228473,92073,24199
184,海街日记 海街diary,是枝裕和,是枝裕和 / 吉田秋生,绫濑遥 / 长泽雅美 / 夏帆 ,剧情/家庭, 日本, 日本,2015/5/14,127,8.8,254807,327081,152043,73065
185,哈利·波特与阿兹卡班的囚徒 Harry Potter and the Prisoner of Azkaban,阿方索·卡隆,史蒂夫·克洛夫斯 / J·K·罗琳,丹尼尔·雷德克里夫 / 艾玛·沃森 / 鲁伯特·格林特 ,剧情/奇幻/冒险, 英国 / 美国, 英国 / 美国,2004/9/10,141,8.6,344785,614450,17368,30832
186,雨中曲 Singin' in the Rain,斯坦利·多南,贝蒂·康登 / 阿多夫·格林,吉恩·凯利 / 唐纳德·奥康纳 / 黛比·雷诺斯 ,喜剧/爱情/歌舞, 美国, 英语,1952/4/11,103,9,139720,196248,144945,26124
187,房间 Room,伦尼·阿伯拉罕森,艾玛·多诺霍,布丽·拉尔森 / 雅各布·特伦布莱 / 肖恩·布里吉格斯 ,剧情/家庭, 爱尔兰 / 加拿大 / 英国 / 美国, 英语,2015/9/4,118,8.8,265025,377719,181353,60684
188,恐怖游轮 Triangle,克里斯托弗·史密斯,克里斯托弗·史密斯,梅利莎·乔治 / 利亚姆·海姆斯沃斯 / 迈克尔·多曼 ,剧情/悬疑/惊悚, 英国 / 澳大利亚, 英语,2009/10/16,99,8.5,527772,737716,103804,108297
189,人工智能 Artificial Intelligence: AI,史蒂文·斯皮尔伯格,布莱恩·奥尔迪斯 / 史蒂文·斯皮尔伯格 / Ian Watson,海利·乔·奥斯蒙 / 弗兰西丝·奥康纳 / 山姆·洛巴兹 ,剧情/科幻/冒险, 美国, 美国,2001/6/29,146,8.6,293803,417636,160335,53519
190,新世界 ???,朴勋政,朴勋政,李政宰 / 崔岷植 / 黄政民 ,剧情/犯罪, 韩国, 韩国,2013/2/21,134,8.8,203298,251980,85952,46021
191,魔女宅急便 魔女の宅急便,宫崎骏,宫崎骏 / 角野荣子,高山南 / 佐久间玲 / 户田惠子 ,动画/奇幻/冒险, 日本, 日语,1989/7/29,103,8.6,314682,564110,110513,38758
192,惊魂记 Psycho,阿尔弗雷德·希区柯克,约瑟夫·斯蒂凡诺 / 罗伯特·布洛克,安东尼·博金斯 / 维拉·迈尔斯 / 约翰·加文 ,悬疑/惊悚/恐怖, 美国, 英语,1960/6/16,109,8.9,150808,198767,111491,33424
193,海洋 Océans,雅克·贝汉,克里斯托夫·谢松 /  雅克·克鲁奥德 / 洛朗·德巴 / 斯特凡纳·迪朗 / 洛朗·戈德 / 雅克·贝汉 / 弗朗索瓦·萨兰诺,皮尔斯·布鲁斯南 / 雅克·贝汉 / 姜文 ,纪录片, 法国 / 瑞士 / 西班牙 / 美国 / 阿联酋, 法国 / 瑞士 / 西班牙 / 美国 / 阿联酋,2011/8/12,104分钟(法,9.1,124940,168795,132810,31694
194,哈利·波特与密室 Harry Potter and the Chamber of Secrets,克里斯·哥伦布,史蒂夫·克洛夫斯 / J·K·罗琳,丹尼尔·雷德克里夫 / 艾玛·沃森 / 鲁伯特·格林特 ,奇幻/冒险, 美国 / 英国 / 德国, 美国 / 英国 / 德国,2003/1/24,161,8.6,363520,655793,16451,28919
195,疯狂的石头,宁浩,张承 / 宁浩 / 岳小军,郭涛 / 刘桦 / 连晋 ,喜剧/犯罪, 中国大陆 / 中国香港, 汉语普通话 / 重庆话,2006/6/30,106 分钟(香,8.4,533114,897255,71175,57532
196,罗生门 羅生門,黑泽明,黑泽明 / 桥本忍 / 芥川龙之介,三船敏郎 / 千秋实 / 京町子 ,剧情/悬疑/犯罪, 日本, 日语,1950/8/26,88,8.8,203669,310925,204039,41431
197,燃情岁月 Legends of the Fall,爱德华·兹威克,威廉·D·威特利夫 / 吉姆·哈里森 / 苏珊·希利迪,布拉德·皮特 / 安东尼·霍普金斯 / 艾丹·奎因 ,剧情/爱情/战争/西部, 美国, 英语 / 科尼什语,1994/12/16,133,8.8,204533,289000,136499,39633
198,奇迹男孩 Wonder,斯蒂芬·卓博斯基,斯蒂芬·卓博斯基 / 斯蒂夫·康拉德 / 杰克·索恩 / R·J·帕拉西奥,雅各布·特伦布莱 / 朱莉娅·罗伯茨 / 伊扎贝拉·维多维奇 ,剧情/家庭/儿童, 美国 / 中国香港, 美国 / 中国香港,2018/1/19,113,8.6,384100,574735,170609,100752
199,穿越时空的少女 時をかける少女,细田守,奥寺佐渡子 / 筒井康隆,仲里依纱 / 石田卓也 / 板仓光隆 ,剧情/爱情/科幻/动画, 日本, 日本,2006/7/15,98,8.6,279858,393683,137924,55746
200,魂断蓝桥 Waterloo Bridge,茂文·勒鲁瓦,塞缪尔·N·贝尔曼 / 汉斯·拉莫 / 乔治·弗罗斯切尔 / 罗伯特·E·舍伍德,费雯·丽 / 罗伯特·泰勒 / 露塞尔·沃特森 ,剧情/爱情/战争, 美国, 英语 / 法语,1940/5/17,108,8.8,185500,319283,152615,29059
201,终结者2：审判日 Terminator 2: Judgment Day,詹姆斯·卡梅隆,詹姆斯·卡梅隆 / 小威廉·威谢尔,阿诺·施瓦辛格 / 琳达·汉密尔顿 / 爱德华·福隆 ,动作/科幻, 美国 / 法国, 英语 / 西班牙语,1991/7/3,137,8.7,235879,385610,47461,22437
202,爱在午夜降临前 Before Midnight,理查德·林克莱特,理查德·林克莱特 / 朱莉·德尔佩 / 伊桑·霍克 / 金·克里桑,伊桑·霍克 / 朱莉·德尔佩 / 肖姆斯·戴维-菲茨帕特里克 ,剧情/爱情, 美国 / 希腊, 美国 / 希腊,2013/6/14,109,8.8,203362,287241,234815,53082
203,初恋这件小事 ???????????????????????...???,普特鹏·普罗萨卡·那·萨克那卡林,普特鹏·普罗萨卡·那·萨克那卡林,平采娜·乐维瑟派布恩 / 马里奥·毛瑞尔 / 苏达拉·布查蓬 ,剧情/喜剧/爱情, 泰国, 泰语 / 印度尼西亚语 / 英语,2012/6/5,118分钟(泰,8.4,717872,1302234,85523,162337
204,可可西里,陆川,陆川,多布杰 / 张正阳 / 奇道 ,剧情/犯罪, 中国大陆 / 中国香港, 汉语普通话 / 藏语,2004/10/1,85分钟(中国大,8.8,195742,400106,132493,29108
205,完美陌生人 Perfetti sconosciuti,保罗·杰诺维塞,保罗·杰诺维塞 / 菲利波·博洛尼亚 / 保罗·克斯泰拉 / 宝拉·马米妮 / 罗兰多·拉维洛,马可·贾利尼 / 卡夏·斯穆特尼亚克 / 爱德华多·莱奥 ,剧情/喜剧, 意大利, 意大利语,2018/5/25,97,8.5,378501,531883,176704,106997
206,2001太空漫游 2001: A Space Odyssey,斯坦利·库布里克,亚瑟·克拉克 / 斯坦利·库布里克,凯尔·杜拉 / 加里·洛克伍德 / 威廉姆·西尔维斯特 ,科幻/惊悚/冒险, 英国 / 美国, 英语 / 俄语,1968/4/2,149,8.8,184515,244681,149711,50847
207,牯岭街少年杀人事件 牯嶺街少年殺人事件,杨德昌,杨德昌 / 赖铭堂 / 杨顺清 / 鸿鸿,张震 / 杨静怡 / 张国柱 ,剧情/犯罪, 中国台湾, 汉语普通话 / 闽南语 / 上海话 / 粤语,1991/7/27,237分钟(导演剪辑,8.8,171250,238062,227403,38949
208,阿飞正传 阿飛正傳,王家卫,王家卫,张国荣 / 张曼玉 / 刘嘉玲 ,剧情/爱情/犯罪, 中国香港, 粤语 / 汉语普通话 / 英语 / 菲律宾语 / 上海话,1990/12/15,94,8.5,334622,515041,140385,65113
209,香水 Perfume: The Story of a Murderer,汤姆·提克威,安德鲁·伯金 / 贝尔恩德·艾辛格 / 汤姆·提克威 / 帕特里克·聚斯金德,本·卫肖 / 艾伦·瑞克曼 / 蕾切儿·哈伍德 ,剧情/犯罪/奇幻, 德国 / 法国 / 西班牙 / 美国, 英语,2006/9/7,147,8.5,400095,560018,166828,78855
210,绿里奇迹 The Green Mile,弗兰克·德拉邦特,弗兰克·德拉邦特 / 斯蒂芬·金,汤姆·汉克斯 / 大卫·摩斯 / 迈克·克拉克·邓肯 ,剧情/悬疑/犯罪/奇幻, 美国, 英语 / 法语,1999/12/10,189,8.8,176069,240241,119981,29224
211,小偷家族 万引き家族,是枝裕和,是枝裕和,中川雅也 / 安藤樱 / 松冈茉优 ,剧情/家庭/犯罪, 日本, 日本,2018/8/3,117分钟(中国大,8.7,538068,974938,732372,140622
212,猜火车 Trainspotting,丹尼·博伊尔,埃文·威尔什 / 约翰·霍奇,伊万·麦克格雷格 / 艾文·布莱纳 / 约翰尼·李·米勒 ,剧情/犯罪, 英国, 英语,1996/2/23,94,8.5,328271,458785,175661,60120
213,无耻混蛋 Inglourious Basterds,昆汀·塔伦蒂诺,昆汀·塔伦蒂诺,布拉德·皮特 / 梅拉尼·罗兰 / 克里斯托弗·瓦尔兹 ,剧情/犯罪, 德国 / 美国, 英语 / 德语 / 法语 / 意大利语,2009/5/20,153,8.6,334193,444839,150077,63121
214,谍影重重2 The Bourne Supremacy,保罗·格林格拉斯,罗伯特·鲁德鲁姆 / 托尼·吉尔罗伊,马特·达蒙 / 弗朗卡·波滕特 / 布莱恩·考克斯 ,动作/悬疑/惊悚, 美国 / 德国, 美国 / 德国,2004/11/14,108,8.6,246364,396351,48763,23746
215,谍影重重 The Bourne Identity,道格·里曼,托尼·吉尔罗伊 / 罗伯特·鲁德鲁姆 / W·布莱克·赫伦,马特·达蒙 / 弗朗卡·波滕特 / 克里斯·库珀 ,动作/悬疑/惊悚, 美国 / 德国 / 捷克, 美国 / 德国 / 捷克,2002/11/21,119,8.6,294423,449031,61138,35460
216,新龙门客栈 新龍門客棧,李惠民,徐克 / 张炭 / 吕晓禾 / 司徒慧焯 / 何冀平 / 苏叔阳,张曼玉 / 林青霞 / 梁家辉 ,动作/爱情/武侠/古装, 中国香港 / 中国大陆, 汉语普通话 / 粤语,1992/8/27,88,8.6,296646,479900,57875,34305
217,战争之王 Lord of War,安德鲁·尼科尔,安德鲁·尼科尔,尼古拉斯·凯奇 / 布丽姬·穆娜 / 杰瑞德·莱托 ,剧情/犯罪, 美国 / 法国, 英语 / 法语 / 德语 / 俄语 / 西班牙语 / 乌克兰语 / 阿拉伯语 / 土耳其语 / 汉语普通话,2005/9/16,122,8.6,249492,367772,104397,31549
218,青蛇,徐克,李碧华 / 徐克,张曼玉 / 王祖贤 / 赵文卓 ,剧情/爱情/奇幻/古装, 中国香港, 粤语,1993/11/4,99,8.5,342544,542002,70703,51822
219,源代码 Source Code,邓肯·琼斯,本·雷普利,杰克·吉伦哈尔 / 维拉·法米加 / 米歇尔·莫纳汉 ,科幻/悬疑/惊悚, 美国 / 加拿大, 英语,2011/8/30,93,8.4,571606,830529,129100,108993
220,地球上的星星 Taare Zameen Par,阿米尔·汗,阿莫尔·古普特,达席尔·萨法瑞 / 阿米尔·汗 / 塔奈·切赫达 ,剧情/家庭/儿童, 印度, 印度,2007/12/21,165,8.9,139157,193190,124740,31618
221,城市之光 City Lights,查理·卓别林,查理·卓别林 / Harry Clive / 哈里·克罗克,查理·卓别林 / 弗吉尼亚·切瑞尔 / 佛罗伦斯·李 ,剧情/喜剧/爱情, 美国, 英语,1931/1/30,87,9.3,79428,132939,110711,13567
222,浪潮 Die Welle,丹尼斯·甘塞尔,丹尼斯·甘塞尔 / 彼得·图万斯 / 约翰尼·道金斯 / 罗恩·比恩巴赫 / 罗恩·琼斯,于尔根·福格尔 / 弗雷德里克·劳 / 马克思·雷迈特 ,剧情/惊悚, 德国, 德语,2008/3/13,107,8.7,192188,246559,153301,45099
223,朗读者 The Reader,史蒂芬·戴德利,戴维·黑尔 / 本哈德·施林克,凯特·温丝莱特 / 大卫·克劳斯 / 拉尔夫·费因斯 ,剧情/爱情, 美国 / 德国, 英语 / 德语 / 希腊语 / 拉丁语,2008/12/10,124,8.5,356228,495984,176798,56747
224,血钻 Blood Diamond,爱德华·兹威克,查尔斯·里维特,莱昂纳多·迪卡普里奥 / 杰曼·翰苏 / 詹妮弗·康纳利 ,剧情/惊悚/冒险, 美国 / 德国, 英语 / 门德语 / 南非荷兰语,2006/12/8,143,8.6,234010,369938,96938,33071
225,步履不停 歩いても 歩いても,是枝裕和,是枝裕和,阿部宽 / 夏川结衣 / 江原由希子 ,剧情/家庭, 日本, 日语,2008/6/28,115,8.8,164979,227572,202871,46002
226,彗星来的那一夜 Coherence,詹姆斯·沃德·布柯特,詹姆斯·沃德·布柯特 / 亚历克斯·马努吉安,艾米丽·芭尔多尼 / 莫瑞·史特林 / 尼古拉斯·布兰登 ,科幻/悬疑/惊悚, 美国 / 英国, 英语,2013/9/19,89,8.5,329968,437805,175366,77856
227,疯狂的麦克斯4：狂暴之路 Mad Max: Fury Road,乔治·米勒,乔治·米勒 / 布伦丹·麦卡锡 / 尼克·拉图里,汤姆·哈迪 / 查理兹·塞隆 / 尼古拉斯·霍尔特 ,动作/科幻/冒险, 澳大利亚 / 美国, 澳大利亚 / 美国,2015/5/14,120,8.6,344040,454969,82853,81383
228,色，戒,李安,王蕙玲 / 詹姆斯·夏慕斯 / 张爱玲,梁朝伟 / 汤唯 / 陈冲 ,剧情/爱情/情色, 中国台湾 / 中国大陆 / 美国 / 中国香港, 汉语普通话 / 上海话 / 英语 / 粤语 / 日语 / 印地语,2007/9/24,158,8.4,440214,682822,146330,73486
229,遗愿清单 The Bucket List,罗伯·莱纳,贾斯汀·扎克汉姆,杰克·尼科尔森 / 摩根·弗里曼 / 西恩·海耶斯 ,剧情/喜剧/冒险, 美国, 英语,2007/12/25,97,8.6,236611,332713,146290,45392
230,大佛普拉斯,黄信尧,黄信尧,庄益增 / 陈竹昇 / 戴立忍 ,剧情/喜剧/犯罪, 中国台湾, 闽南语 / 汉语普通话,2017/10/13,102,8.7,243382,298898,214754,64057
231,再次出发之纽约遇见你 Begin Again,约翰·卡尼,约翰·卡尼,凯拉·奈特莉 / 马克·鲁弗洛 / 亚当·莱文 ,喜剧/爱情/音乐, 美国, 英语,2015/6/26,104,8.5,281314,378272,176443,72729
232,小萝莉的猴神大叔 Bajrangi Bhaijaan,卡比尔·汗,卡比尔·汗 / 维杰耶德拉·普拉萨德,萨尔曼·汗 / 哈莎莉·马洛特拉 / 卡琳娜·卡普尔 ,剧情/喜剧/动作, 印度, 印地语 / 乌尔都语,2018/3/2,159,8.4,325376,536548,106437,81850
233,追随 Following,克里斯托弗·诺兰,克里斯托弗·诺兰,杰里米·西奥伯德 / 亚历克斯·霍 / 露西·拉塞尔 ,悬疑/惊悚/犯罪, 英国, 英语,1998/9/12,69,8.9,123086,153264,192204,30491
234,东京物语 東京物語,小津安二郎,野田高梧 / 小津安二郎,笠智众 / 原节子 / 杉村春子 ,剧情/家庭, 日本, 日语,1953/11/3,136,9.2,84263,124668,190643,23351
235,一次别离 ????? ???? ?? ?????,阿斯哈·法哈蒂,阿斯哈·法哈蒂,佩曼·莫阿迪 / 蕾拉·哈塔米 / 萨瑞·巴亚特 ,剧情/家庭, 伊朗 / 法国, 波斯语,2012/11/13,123,8.7,186511,253574,177552,48737
236,聚焦 Spotlight,汤姆·麦卡锡,乔希·辛格 / 汤姆·麦卡锡,马克·鲁弗洛 / 迈克尔·基顿 / 瑞秋·麦克亚当斯 ,剧情/传记, 美国, 美国,2015/9/3,128,8.8,195748,260258,158334,47466
237,驴得水,周申,周申 / 刘露,任素汐 / 大力 / 刘帅良 ,剧情/喜剧, 中国大陆, 汉语普通话,2016/10/28,111,8.3,611231,951059,99651,155669
238,黑鹰坠落 Black Hawk Down,雷德利·斯科特,肯·诺兰 / 马克·鲍登,乔什·哈奈特 / 伊万·麦克格雷格 / 汤姆·塞兹摩尔 ,动作/历史/战争, 美国, 美国,2001/12/18,144,8.7,195734,273763,75639,27976
239,发条橙 A Clockwork Orange,斯坦利·库布里克,斯坦利·库布里克 / 安东尼·伯吉斯,马尔科姆·麦克道威尔 / 帕特里克·马基 / 迈克尔·贝茨 ,剧情/科幻/犯罪, 英国 / 美国, 英语,1971/12/19,136,8.5,267335,372270,202773,50662
240,我爱你 ??? ?????,秋昌旼,姜草 / 秋昌旼,宋在浩 / 李顺载 / 尹秀晶 ,剧情/爱情, 韩国, 韩国,2011/2/17,118,9,100009,129879,130183,29615
241,千钧一发 Gattaca,安德鲁·尼科尔,安德鲁·尼科尔,伊桑·霍克 / 乌玛·瑟曼 / 裘德·洛 ,剧情/科幻/惊悚, 美国, 英语 / 世界语,1997/10/24,106,8.8,157209,200562,131187,36987
242,撞车 Crash,保罗·哈吉斯,保罗·哈吉斯 / 罗伯特·莫里斯克,桑德拉·布洛克 / 唐·钱德尔 / 马特·狄龙 ,剧情/犯罪, 美国 / 德国, 美国 / 德国,2004/9/10,112,8.6,240027,332584,156702,41960
243,E.T.外星人 E.T.: The Extra-Terrestrial,史蒂文·斯皮尔伯格,梅丽莎·马西森,亨利·托马斯 / 迪·沃伦斯 / 罗伯特·麦克纳夫顿 ,剧情/科幻, 美国, 英语,1982/5/26,115,8.6,241542,418510,98006,26220
244,网络谜踪 Searching,阿尼什·查甘蒂,阿尼什·查甘蒂 / 赛弗·奥哈尼安,约翰·赵 / 米切尔·拉 / 黛博拉·梅辛 ,剧情/悬疑/惊悚/犯罪, 美国 / 俄罗斯, 英语,2018/12/14,102,8.6,352894,507948,281076,96057
245,梦之安魂曲 Requiem for a Dream,达伦·阿伦诺夫斯基,小胡伯特·塞尔比 / 达伦·阿伦诺夫斯基,艾伦·伯斯汀 / 杰瑞德·莱托 / 詹妮弗·康纳利 ,剧情, 美国, 英语,2000/5/14,102,8.7,157321,210427,167391,42216
246,变脸 Face/Off,吴宇森,麦克·韦柏 / 迈克尔·科拉里,约翰·特拉沃尔塔 / 尼古拉斯·凯奇 / 琼·艾伦 ,动作/科幻/惊悚/犯罪, 美国, 英语 / 拉丁语,1997/6/27,138,8.5,303509,460719,84522,35592
247,二十二,郭柯,无,无,纪录片,中国大陆,汉语普通话,2017/8/14,99,8.7,199246,368169,159145,52294
248,人生果实 人生フルーツ,原健之,无,津端修一 / 津端英子 / 树木希林,纪录片,日本,日语,2017/1/2,91,9.5,72740,92771,121496,27075
249,四个春天,陆庆屹,无,陆运坤 / 李桂贤 / 陆庆伟 / 陆庆松 / 陆庆屹,纪录片 / 家庭,中国大陆,贵州独山话,2019/1/4,105,8.9,107290,147630,180634,42213
